Запрос;Google DesktopМосква,Москва,Россия;Релевантная страница;
отзывы coursera;29;https://krockit.com/reviews/coursera/
курсера отзывы;18;https://krockit.com/reviews/coursera/
курсы coursera отзывы;13;https://krockit.com/reviews/coursera/
coursera python отзывы;15;https://krockit.com/reviews/coursera/
coursera plus отзывы;12;https://krockit.com/reviews/coursera/
отзывы html academy;18;https://krockit.com/reviews/html-academy/
html academy отзывы о курсах;15;https://krockit.com/reviews/html-academy/
html академия отзывы;17;https://krockit.com/reviews/html-academy/
htmlacademy ru отзывы;28;https://krockit.com/reviews/html-academy/
html academy тренажеры отзывы;16;https://krockit.com/reviews/html-academy/
хтмл академия отзывы;17;https://krockit.com/reviews/html-academy/
html academy отзывы о наставниках;32;https://krockit.com/reviews/html-academy/
lectera отзывы;14;https://krockit.com/reviews/lectera/
loftschool отзывы;50;https://krockit.com/reviews/loftschool/
лофтскул отзывы;12;https://krockit.com/reviews/loftschool/
maed курсы отзывы;27;https://krockit.com/reviews/maed/
maed отзывы;35;https://krockit.com/reviews/maed/
maed ru отзывы;55;https://krockit.com/reviews/maed/
sale maed ru отзывы;1001;
qmarketing отзывы;19;https://krockit.com/reviews/qmarketing/
qmarketing academy отзывы;16;https://krockit.com/reviews/qmarketing/
skypro курсы отзывы;29;https://krockit.com/reviews/skypro/
skypro аналитик данных отзывы;37;https://krockit.com/reviews/skypro/
отзывы skysmart;44;https://krockit.com/reviews/skysmart/
sky smart отзывы;30;https://krockit.com/reviews/skysmart/
отзывы скайсмарт;1001;
way up отзывы;26;https://krockit.com/reviews/wayup/
wayup in отзывы;28;https://krockit.com/reviews/wayup/
way up курсы отзывы;21;https://krockit.com/reviews/wayup/
отзывы wayup;28;https://krockit.com/reviews/wayup/
курсы wayup отзывы;21;https://krockit.com/reviews/wayup/
отзывы xyz school;1001;
школа xyz отзывы;1001;
отзывы convert monster;45;https://krockit.com/reviews/convert-monster/
convertmonster отзывы;76;https://krockit.com/reviews/convert-monster/
convert monster курсы отзывы;30;https://krockit.com/reviews/convert-monster/
конверт монстр отзывы;25;https://krockit.com/reviews/convert-monster/
convert monster smm отзывы;29;https://krockit.com/reviews/convert-monster/
hedu отзывы;38;https://krockit.com/reviews/hedu/
хекслет отзывы;33;https://krockit.com/reviews/hexlet/
отзывы hexlet;24;https://krockit.com/reviews/hexlet/
hexlet io отзывы;24;https://krockit.com/reviews/hexlet/
hexlet java отзывы;16;https://krockit.com/reviews/hexlet/
otus отзывы;59;https://krockit.com/reviews/otus/
курсы otus отзывы;1001;
отус отзывы;62;https://krockit.com/reviews/otus/
otus ru отзывы;1001;
школа векторной графики pixel отзывы;1001;
школа цифрового рисунка pixel отзывы;1001;
profileschool отзывы;20;https://krockit.com/reviews/profileschool/
отзывы puzzle english;25;https://krockit.com/reviews/puzzle-english/
отзывы пазл инглиш;20;https://krockit.com/reviews/puzzle-english/
puzzle english com отзывы;32;https://krockit.com/reviews/puzzle-english/
puzzle movies отзывы;30;https://krockit.com/reviews/puzzle-english/
пазл мувис отзывы;37;https://krockit.com/reviews/puzzle-english/
skvot курсы отзывы;1001;
skvot io отзывы;1001;
sf education отзывы;28;https://krockit.com/reviews/sf-education/
sf education отзывы сотрудников;29;https://krockit.com/reviews/sf-education/
shendrikov education отзывы;1001;
stepik отзывы;26;https://krockit.com/reviews/stepik/
степик отзывы;21;https://krockit.com/reviews/stepik/
курсы степик отзывы;14;https://krockit.com/reviews/stepik/
таргет скул отзывы;1001;
videosmile отзывы;1001;
videosmile курсы отзывы;10;https://krockit.com/reviews/videosmile/
отзывы skillfactory;34;https://krockit.com/reviews/skillfactory/
отзывы о курсах skillfactory;21;https://krockit.com/reviews/skillfactory/
отзывы скилл фактори;13;https://krockit.com/reviews/skillfactory/
skillfactory реальные отзывы;18;https://krockit.com/reviews/skillfactory/
skillfactory data science отзывы;36;https://krockit.com/reviews/skillfactory/
https skillfactory ru отзывы;1001;
skillfactory ru отзывы;1001;
skillfactory тестировщик отзывы;39;https://krockit.com/reviews/skillfactory/
skillfactory python отзывы;26;https://krockit.com/reviews/skillfactory/
skills factory отзывы;36;https://krockit.com/reviews/skillfactory/
skillfactory аналитик данных отзывы;36;https://krockit.com/reviews/skillfactory/
skillfactory этичный хакер отзывы;29;https://krockit.com/reviews/skillfactory/
скилфэктори отзывы;1001;
отзывы фоксфорд;67;https://krockit.com/reviews/foxford/
фоксфорд отзывы родителей;1001;
школа фоксфорд отзывы;51;https://krockit.com/reviews/foxford/
foxford отзывы;55;https://krockit.com/reviews/foxford/
курсы фоксфорд отзывы;34;https://krockit.com/reviews/foxford/
фоксфорд подготовка к егэ отзывы;47;https://krockit.com/reviews/foxford/
отзывы об онлайн школе фоксфорд;1001;
фоксфорд егэ отзывы;58;https://krockit.com/reviews/foxford/
фоксфорд домашнее обучение отзывы;38;https://krockit.com/reviews/foxford/
фоксфорд репетиторы отзывы;31;https://krockit.com/reviews/foxford/
фоксфорд английский отзывы;41;https://krockit.com/reviews/foxford/
фоксфорд экстернат отзывы;1001;
фоксфорд отзывы учителей;49;https://krockit.com/reviews/foxford/
фоксфорд реальные отзывы;23;https://krockit.com/reviews/foxford/
фоксфорд отзывы преподавателей;31;https://krockit.com/reviews/foxford/
фоксфорд курсы для учителей отзывы;1001;
отзывы нетология;58;https://krockit.com/reviews/netology/
нетология отзывы об обучении;39;https://krockit.com/reviews/netology/
курсы нетология отзывы;30;https://krockit.com/reviews/netology/
netology отзывы;20;https://krockit.com/reviews/netology/
netology ru отзывы;83;https://krockit.com/reviews/netology/
нетология тестировщик отзывы;37;https://krockit.com/reviews/netology/
нетология аналитик данных отзывы;61;https://krockit.com/reviews/netology/
отзывы о курсах нетологии;33;https://krockit.com/reviews/netology/
нетология дизайн интерьера отзывы;30;https://krockit.com/reviews/netology/
нетология графический дизайн отзывы;43;https://krockit.com/reviews/netology/
нетология реальные отзывы;21;https://krockit.com/reviews/netology/
нетология отзывы учеников;21;https://krockit.com/reviews/netology/
системный аналитик нетология отзывы;69;https://krockit.com/reviews/netology/
нетология бесплатные курсы отзывы;30;https://krockit.com/reviews/netology/
нетология таргетолог отзывы;48;https://krockit.com/reviews/netology/
нетология python отзывы;31;https://krockit.com/reviews/netology/
курсы netology отзывы;23;https://krockit.com/reviews/netology/
сайт нетология отзывы;38;https://krockit.com/reviews/netology/
нетология java отзывы;32;https://krockit.com/reviews/netology/
нетология smm отзывы;53;https://krockit.com/reviews/netology/
нетология системный администратор отзывы;83;https://krockit.com/reviews/netology/
нетология project manager отзывы;1001;
отзывы skillbox;1001;
отзывы скиллбокс;1001;
отзывы о курсах skillbox;34;https://krockit.com/reviews/skillbox/
отзывы скилбокс;1001;
отзывы о курсах скиллбокс;23;https://krockit.com/reviews/skillbox/
скилбокс отзывы учеников;1001;
skillbox отзывы учеников;28;https://krockit.com/reviews/skillbox/
skillbox отзывы об обучении;1001;
скиллбокс отзывы о трудоустройстве;32;https://krockit.com/reviews/skillbox/
skillbox отзывы о трудоустройстве;47;https://krockit.com/reviews/skillbox/
обучение в скиллбокс отзывы;1001;
skillbox ru отзывы;1001;
skillbox тестировщик отзывы;26;https://krockit.com/reviews/skillbox/
skillbox реальные отзывы;22;https://krockit.com/reviews/skillbox/
skillbox python отзывы;41;https://krockit.com/reviews/skillbox/
реальные отзывы о скиллбокс;17;https://krockit.com/reviews/skillbox/
скиллбокс тестировщик отзывы;25;https://krockit.com/reviews/skillbox/
skillbox коммерческий иллюстратор отзывы;1001;
skillbox дизайн интерьера отзывы;1001;
skillbox дизайн отзывы;1001;
skillbox data science отзывы;1001;
skillbox графический дизайн отзывы;1001;
отзывы о школе skillbox;29;https://krockit.com/reviews/skillbox/
skillbox python разработчик отзывы;39;https://krockit.com/reviews/skillbox/
skillbox java разработчик отзывы;39;https://krockit.com/reviews/skillbox/
отзывы викиум;1001;
wikium отзывы;64;https://krockit.com/reviews/wikium/
wikium ru отзывы;1001;
курсы викиум отзывы;48;https://krockit.com/reviews/wikium/
отзывы яндекс практикум;33;https://krockit.com/reviews/yandex-practicum/
отзывы о курсах яндекс практикум;25;https://krockit.com/reviews/yandex-practicum/
яндекс практикум английский отзывы;1001;
яндекс практикум тестировщик отзывы;32;https://krockit.com/reviews/yandex-practicum/
яндекс практикум python отзывы;34;https://krockit.com/reviews/yandex-practicum/
яндекс практикум отзывы по обучению;29;https://krockit.com/reviews/yandex-practicum/
яндекс практикум аналитик данных отзывы;30;https://krockit.com/reviews/yandex-practicum/
яндекс практикум веб разработчик отзывы;26;https://krockit.com/reviews/yandex-practicum/
инженер по тестированию яндекс практикум отзывы;1001;
яндекс практикум python разработчик отзывы;38;https://krockit.com/reviews/yandex-practicum/
яндекс практикум java отзывы;36;https://krockit.com/reviews/yandex-practicum/
яндекс практикум data science отзывы;51;https://krockit.com/reviews/yandex-practicum/
яндекс практикум реальные отзывы;18;https://krockit.com/reviews/yandex-practicum/
yandex practicum отзывы;14;https://krockit.com/reviews/yandex-practicum/
яндекс курсы отзывы;1001;
яндекс практикум java разработчик отзывы;1001;
яндекс практикум дизайнер интерфейсов отзывы;62;https://krockit.com/reviews/yandex-practicum/
яндекс курсы программирования отзывы;1001;
яндекс флоу отзывы;1001;
яндекс практикум интернет маркетолог отзывы;1001;
yandex практикум отзывы;40;https://krockit.com/reviews/yandex-practicum/
контент менеджер яндекс отзывы;1001;
яндекс практикум алгоритмы отзывы;75;https://krockit.com/reviews/yandex-practicum/
яндекс практикум питон отзывы;1001;
яндекс флоу английский отзывы;1001;
яндекс практикум тестирование отзывы;26;https://krockit.com/reviews/yandex-practicum/
курсы тестировщика яндекс отзывы;25;https://krockit.com/reviews/yandex-practicum/
школа программистов яндекс отзывы;1001;
отзывы инглекс;68;https://krockit.com/reviews/englex/
отзывы englex;29;https://krockit.com/reviews/englex/
инглекс отзывы учеников;21;https://krockit.com/reviews/englex/
отзывы о школе инглекс;32;https://krockit.com/reviews/englex/
отзывы imba energy;1001;
imba отзывы;53;https://krockit.com/reviews/imba/
imba курсы отзывы;22;https://krockit.com/reviews/imba/
имба отзывы;1001;
imba обучение отзывы;25;https://krockit.com/reviews/imba/
отзывы itvdn;19;https://krockit.com/reviews/itvdn/
itvdn отзывы о курсах;14;https://krockit.com/reviews/itvdn/
itvdn com отзывы;15;https://krockit.com/reviews/itvdn/
курсы itea отзывы;11;https://krockit.com/reviews/onlineitea/
webpromo отзывы;11;https://krockit.com/reviews/webpromoexperts/
web promo отзывы;20;https://krockit.com/reviews/webpromoexperts/
отзывы алибра скул;1001;
alibra school отзывы;1001;
алибра отзывы;66;https://krockit.com/reviews/alibra/
alibra отзывы;68;https://krockit.com/reviews/alibra/
contented отзывы;41;https://krockit.com/reviews/contented/
курсы contented отзывы;1001;
contented отзывы об обучении;1001;
контентед отзывы;1001;
contented дизайн интерьера отзывы;1001;
contented графический дизайн отзывы;34;https://krockit.com/reviews/contented/
контур школа отзывы;47;https://krockit.com/reviews/contur/
школа бухгалтера контур отзывы;1001;
kontur ru отзывы;1001;
отзывы city business school;1001;
мба сити бизнес академия отзывы;1001;
мба сити отзывы;1001;
бизнес скул отзывы;1001;
отзывы сити бизнес скул;1001;
mba city отзывы;1001;
сити бизнес скул отзывы реальные;1001;
mba intensive отзывы;1001;
mba school отзывы;1001;
city business school mba отзывы;1001;
mba city бизнес академия отзывы;1001;
отзывы english tochka;34;https://krockit.com/reviews/english-tochka/
отзывы инглиш точка;29;https://krockit.com/reviews/english-tochka/
алекс рубанов отзывы;1001;
алекс рубанов английский отзывы;1001;
english точка отзывы;26;https://krockit.com/reviews/english-tochka/
englishtochka ru отзывы;1001;
english tochka реальные отзывы;15;https://krockit.com/reviews/english-tochka/
geekbrains отзывы;40;https://krockit.com/reviews/geekbrains/
отзывы о курсах geekbrains;23;https://krockit.com/reviews/geekbrains/
отзывы гик брейнс;14;https://krockit.com/reviews/geekbrains/
отзывы об обучении geekbrains;27;https://krockit.com/reviews/geekbrains/
отзывы гикбрейнс;50;https://krockit.com/reviews/geekbrains/
geekbrains реальные отзывы;15;https://krockit.com/reviews/geekbrains/
geekbrains python отзывы;40;https://krockit.com/reviews/geekbrains/
отзывы о курсах гикбрейнс;24;https://krockit.com/reviews/geekbrains/
отзывы geek brains;41;https://krockit.com/reviews/geekbrains/
geekbrains ru отзывы;89;https://krockit.com/reviews/geekbrains/
geekbrains отзывы о трудоустройстве;28;https://krockit.com/reviews/geekbrains/
geekbrains отзывы об обучении и стажировках;48;https://krockit.com/reviews/geekbrains/
geekbrains data science отзывы;30;https://krockit.com/reviews/geekbrains/
geekbrains графический дизайн отзывы;21;https://krockit.com/reviews/geekbrains/
geekbrains тестировщик отзывы;1001;
трудоустройство после geekbrains отзывы;20;https://krockit.com/reviews/geekbrains/
geekbrains отзывы учеников;18;https://krockit.com/reviews/geekbrains/
geekbrains java отзывы;35;https://krockit.com/reviews/geekbrains/
geek university отзывы;39;https://krockit.com/reviews/geekbrains/
отзывы компьютерная академия шаг;1001;
академия шаг отзывы;1001;
отзывы академия шаг;1001;
отзывы шаг;1001;
itstep отзывы;11;https://krockit.com/reviews/itstep/
школа шаг отзывы;1001;
компьютерная школа шаг отзывы;1001;
малая компьютерная академия шаг отзывы;43;https://krockit.com/reviews/itstep/
it академия шаг отзывы;1001;
отзывы о школе шаг;1001;
it step academy отзывы;1001;
laba отзывы;1001;
курсы laba отзывы;26;https://krockit.com/reviews/laba/
курсы лаба отзывы;19;https://krockit.com/reviews/laba/
отзывы лаба;85;https://krockit.com/reviews/laba/
productstar отзывы;29;https://krockit.com/reviews/productstar/
продакт стар отзывы;20;https://krockit.com/reviews/productstar/
puzzle brain отзывы;1001;
отзывы skyeng;1001;
skyeng отзывы учеников;28;https://krockit.com/reviews/skyeng/
отзывы скайенг;20;https://krockit.com/reviews/skyeng/
скайэнг отзывы;1001;
школа skyeng отзывы;1001;
отзывы скаенг;1001;
skyeng talks отзывы;33;https://krockit.com/reviews/skyeng/
онлайн школа skyeng отзывы;1001;
skyeng ru отзывы;1001;
школа английского языка skyeng отзывы;1001;
онлайн школа английского языка skyeng отзывы;1001;
школа скайенг отзывы;21;https://krockit.com/reviews/skyeng/
skyeng математика отзывы;51;https://krockit.com/reviews/uchi/
разговорный клуб skyeng отзывы;26;https://krockit.com/reviews/skyeng/
skyeng английский отзывы;1001;
скай энг отзывы;1001;
skyeng отзывы цена;54;https://krockit.com/reviews/skyeng/
skyeng реальные отзывы;20;https://krockit.com/reviews/skyeng/
тетрика отзывы;52;https://krockit.com/reviews/tetrika-school/
тетрика онлайн отзывы;44;https://krockit.com/reviews/tetrika-school/
отзывы о школе тетрика;34;https://krockit.com/reviews/tetrika-school/
тетрика отзывы учителей;1001;
бонни и слайд отзывы;13;https://krockit.com/reviews/bonny-and-slide/
bonnie and slide отзывы;17;https://krockit.com/reviews/bonny-and-slide/
fructcode отзывы;21;https://krockit.com/reviews/fructcode/
headline school отзывы;11;https://krockit.com/reviews/headline-school/
отзывы italki;29;https://krockit.com/reviews/italki/
kodland отзывы;28;https://krockit.com/reviews/kodland/
itproger отзывы;1001;
кодланд отзывы;19;https://krockit.com/reviews/kodland/
учебный центр специалист отзывы;1001;
курсы специалист отзывы;1001;
специалист ру отзывы;1001;
отзывы специалист;1001;
specialist ru отзывы;1001;
учебный центр при мгту им баумана отзывы;1001;
центр специалист отзывы;1001;
специалист баумана отзывы;1001;
курсы баумана отзывы;1001;
курсы специалист при бауманке отзывы;1001;
специалист мгту баумана отзывы;1001;
центр обучения специалист отзывы;1001;
autocad specialist ru отзывы;1001;
отзывы синергия;1001;
отзывы университет синергия;1001;
отзывы колледж синергия;1001;
отзывы институт синергия;1001;
синергия реальные отзывы;1001;
синергия отзывы студентов;1001;
университет синергия отзывы студентов дистанционного обучения;1001;
университет синергия отзывы студентов;1001;
дистанционное обучение синергия отзывы;1001;
университет синергия дистанционное обучение отзывы;1001;
стоит ли поступать в синергию;1001;
синергия школа бизнеса отзывы;1001;
вуз синергия отзывы;1001;
synergy отзывы;1001;
универ синергия отзывы;1001;
школа синергия отзывы;1001;
synergy university отзывы;1001;
синергия mba отзывы;1001;
обучение в синергии отзывы;1001;
синергия диплом отзывы;1001;
стоит ли учиться в синергии;1001;
синергия интернет маркетинг отзывы;1001;
синергия онлайн обучение отзывы;1001;
аспирантура синергия отзывы;1001;
кодкласс отзывы;1001;
interra отзывы;1001;
интерра отзывы;1001;
школа interra отзывы;1001;
школа интерра отзывы;1001;
interra курсы отзывы;1001;
duolingo отзывы;49;https://krockit.com/reviews/duolingo/
duolingo english test отзывы;1001;
отзывы javarush;25;https://krockit.com/reviews/javarush/
джава раш отзывы;1001;
javarush отзывы профессионалов;1001;
джавараш отзывы;32;https://krockit.com/reviews/javarush/
ланцман скул отзывы;61;https://krockit.com/reviews/lancman-school/
lingoda отзывы;18;https://krockit.com/reviews/lingoda/
лингода отзывы;12;https://krockit.com/reviews/lingoda/
лингода спринт отзывы;17;https://krockit.com/reviews/lingoda/
максимум эдьюкейшн отзывы;1001;
школа максимум отзывы;27;https://krockit.com/reviews/maximumtest/
курсы максимум отзывы;1001;
максимум тест отзывы;1001;
profi internet отзывы;1001;
профи интернет отзывы;1001;
школа профи интернет отзывы;1001;
profi internet школа интернет профессий отзывы;1001;
школа profi internet отзывы;1001;
shultais education отзывы;17;https://krockit.com/reviews/shultais-education/
отзывы о дистанционном обучении реальные;1001;
отзывы о курсах;1001;
отзыв о курсе обучения;1001;
отзывы об обучении;1001;
онлайн курсы отзывы;1001;
онлайн обучение отзывы;1001;
отзывы на онлайн школы;1001;
отзыв о пройденном курсе;1001;
школа 21 отзывы сбербанк;1001;
4brain отзывы;23;https://krockit.com/reviews/4brain/
4brain ru отзывы;15;https://krockit.com/reviews/4brain/
алгоритмика отзывы;1001;
школа алгоритмика отзывы;1001;
алгоритмика школа программирования отзывы;1001;
алгоритмика отзывы родителей;1001;
алгоритмика для детей отзывы;1001;
bang bang education отзывы;1001;
отзывы beonmax;20;https://krockit.com/reviews/beonmax/
курсы beonmax отзывы;16;https://krockit.com/reviews/beonmax/
beonmax com отзывы;18;https://krockit.com/reviews/beonmax/
курсы биг бен отзывы;30;https://krockit.com/reviews/big-ben/
школа биг бен отзывы;35;https://krockit.com/reviews/big-ben/
edmarket отзывы;1001;
академия edpro отзывы;16;https://krockit.com/reviews/edprodpo/
eduson academy отзывы;30;https://krockit.com/reviews/eduson-academy/
отзывы englishdom;75;https://krockit.com/reviews/englishdom/
инглишдом отзывы;59;https://krockit.com/reviews/englishdom/
englishdom com отзывы;62;https://krockit.com/reviews/englishdom/
englishdom отзывы учеников;22;https://krockit.com/reviews/englishdom/
отзывы ешко;1001;
курсы ешко отзывы;49;https://krockit.com/reviews/eshko/
английский ешко отзывы;1001;
школа ешко отзывы;37;https://krockit.com/reviews/eshko/
курсы английского ешко отзывы;1001;
отзывы ешко английский язык;1001;
ешко английский для начинающих отзывы;1001;
академия feedback отзывы;1001;
геометриум отзывы;1001;
glo academy отзывы;31;https://krockit.com/reviews/
go practice отзывы;1001;
грин фриланс отзывы;7;https://krockit.com/reviews/green-freelance/
highlights school отзывы;1001;
ingate курсы отзывы;1001;
отзывы о школе имсайдер;20;https://krockit.com/reviews/imsider/
бизнес школа имсайдер отзывы;1001;
интернет урок отзывы;21;https://krockit.com/reviews/interneturok/
интернет урок домашняя школа отзывы;1001;
школа интернет урок отзывы;25;https://krockit.com/reviews/interneturok/
онлайн школа интернет урок отзывы;26;https://krockit.com/reviews/interneturok/
интернет урок ру отзывы;37;https://krockit.com/reviews/interneturok/
job4j отзывы;9;https://krockit.com/reviews/job4j/
отзывы java mentor;20;https://krockit.com/reviews/kata-academy/
java mentor реальные отзывы;45;https://krockit.com/reviews/
джава ментор отзывы;22;https://krockit.com/reviews/kata-academy/
mate academy реальные отзывы;1001;
learn javascript ru отзывы;1001;
learn javascript отзывы;1001;
отзывы learn python;1001;
лекториум отзывы;27;https://krockit.com/reviews/lektorium/
levelup отзывы;1001;
level up отзывы;1001;
level up курсы отзывы;22;https://krockit.com/reviews/level-up/
отзывы лайк центр;1001;
likecentre ru отзывы;1001;
отзывы lingualeo;1001;
лингвалео отзывы;1001;
lingualeo premium отзывы;1001;
lingualeo com отзывы;1001;
luxoft отзывы;1001;
люксофт отзывы;1001;
отзывы mba;1001;
курсы mba отзывы;1001;
обучение mba отзывы;1001;
mba образование отзывы;1001;
образование mba отзывы;1001;
мва отзывы;1001;
myacademy отзывы;1001;
my academy отзывы;1001;
nordic school отзывы;1001;
product university отзывы;1001;
qa academy отзывы;1001;
smm школа republic отзывы;1001;
smm republic отзывы;1001;
сео академия отзывы;1001;
seo академия отзывы;1001;
skill cup отзывы;12;https://krockit.com/reviews/skill-cup/
отзывы skillup;1001;
курсы skillup отзывы;1001;
smm school отзывы;12;https://krockit.com/reviews/smm-school/
softline отзывы;1001;
софтлайн отзывы;1001;
софтиум отзывы;1001;
школа софтиум отзывы;1001;
texterra отзывы;1001;
текстерра отзывы;1001;
texterra курсы отзывы;1001;
tutoronline отзывы;1001;
tutoronline ru отзывы;1001;
тутор онлайн отзывы;1001;
отзывы об учи ру;32;https://krockit.com/reviews/uchi/
учи ру программирование отзывы;28;https://krockit.com/reviews/uchi/
учи ру отзывы форум;1001;
отзывы udemy;85;https://krockit.com/reviews/udemy/
отзывы о курсах udemy;33;https://krockit.com/reviews/udemy/
udemy com отзывы;46;https://krockit.com/reviews/udemy/
юдеми отзывы;26;https://krockit.com/reviews/udemy/
udemy python отзывы;29;https://krockit.com/reviews/udemy/
udemy javascript отзывы;40;https://krockit.com/reviews/udemy/
отзывы умскул;37;https://krockit.com/reviews/umschool/
umschool отзывы;41;https://krockit.com/reviews/umschool/
uprock school отзывы;1001;
отзывы wall street english;1001;
уолл стрит инглиш отзывы;1001;
школа wall street english отзывы;1001;
wall street english отзывы о курсах;1001;
web academy отзывы;67;https://krockit.com/reviews/qmarketing/